公司简称,A股代码,所属行业,
平安银行,000001,J金融业,
万科Ａ,000002,K房地产,
国农科技,000004,C制造业,
世纪星源,000005,N公共环保,
深振业Ａ,000006,K房地产,
全新好,000007,K房地产,
神州高铁,000008,C制造业,
中国宝安,000009,S综合,
美丽生态,000010,E建筑业,
深物业A,000011,K房地产,
南玻Ａ,000012,C制造业,
沙河股份,000014,K房地产,
深康佳Ａ,000016,C制造业,
深中华A,000017,C制造业,
神州长城,000018,E建筑业,
深深宝Ａ,000019,F批发零售,
深华发Ａ,000020,C制造业,
深科技,000021,C制造业,
深天地Ａ,000023,C制造业,
特力Ａ,000025,F批发零售,
飞亚达Ａ,000026,F批发零售,
深圳能源,000027,D水电煤气,
国药一致,000028,F批发零售,
深深房Ａ,000029,K房地产,
富奥股份,000030,C制造业,
中粮地产,000031,K房地产,
深桑达Ａ,000032,F批发零售,
神州数码,000034,F批发零售,
中国天楹,000035,N公共环保,
华联控股,000036,K房地产,
深南电A,000037,D水电煤气,
深大通,000038,L商务服务,
中集集团,000039,C制造业,
东旭蓝天,000040,D水电煤气,
中洲控股,000042,K房地产,
中航善达,000043,K房地产,
深纺织Ａ,000045,C制造业,
泛海控股,000046,K房地产,
*ST康达,000048,C制造业,
德赛电池,000049,C制造业,
深天马Ａ,000050,C制造业,
方大集团,000055,C制造业,
皇庭国际,000056,K房地产,
深赛格,000058,L商务服务,
华锦股份,000059,C制造业,
中金岭南,000060,C制造业,
农产品,000061,L商务服务,
深圳华强,000062,F批发零售,
中兴通讯,000063,C制造业,
北方国际,000065,E建筑业,
中国长城,000066,C制造业,
华控赛格,000068,C制造业,
华侨城Ａ,000069,K房地产,
特发信息,000070,C制造业,
海王生物,000078,F批发零售,
盐田港,000088,G运输仓储,
深圳机场,000089,G运输仓储,
天健集团,000090,E建筑业,
广聚能源,000096,F批发零售,
中信海直,000099,G运输仓储,
TCL集团,000100,C制造业,
宜华健康,000150,Q卫生,
中成股份,000151,F批发零售,
丰原药业,000153,C制造业,
川能动力,000155,C制造业,
华数传媒,000156,R文化传播,
中联重科,000157,C制造业,
常山北明,000158,C制造业,
国际实业,000159,F批发零售,
申万宏源,000166,J金融业,
东方盛虹,000301,C制造业,
美的集团,000333,C制造业,
潍柴动力,000338,C制造业,
许继电气,000400,C制造业,
冀东水泥,000401,C制造业,
金融街,000402,K房地产,
振兴生化,000403,C制造业,
长虹华意,000404,C制造业,
胜利股份,000407,D水电煤气,
藏格控股,000408,C制造业,
*ST地矿,000409,S综合,
沈阳机床,000410,C制造业,
英特集团,000411,F批发零售,
东旭光电,000413,C制造业,
渤海租赁,000415,L商务服务,
民生控股,000416,J金融业,
合肥百货,000417,F批发零售,
小天鹅Ａ,000418,C制造业,
通程控股,000419,F批发零售,
吉林化纤,000420,C制造业,
南京公用,000421,D水电煤气,
*ST宜化,000422,C制造业,
东阿阿胶,000423,C制造业,
徐工机械,000425,C制造业,
兴业矿业,000426,B采矿业,
华天酒店,000428,H住宿餐饮,
粤高速Ａ,000429,G运输仓储,
张家界,000430,N公共环保,
晨鸣纸业,000488,C制造业,
山东路桥,000498,E建筑业,
鄂武商Ａ,000501,F批发零售,
绿景控股,000502,K房地产,
国新健康,000503,I信息技术,
南华生物,000504,M科研服务,
京粮控股,000505,C制造业,
中润资源,000506,B采矿业,
珠海港,000507,G运输仓储,
华塑控股,000509,C制造业,
金路集团,000510,C制造业,
丽珠集团,000513,C制造业,
渝开发,000514,K房地产,
国际医学,000516,Q卫生,
荣安地产,000517,K房地产,
四环生物,000518,C制造业,
中兵红箭,000519,C制造业,
长航凤凰,000520,G运输仓储,
长虹美菱,000521,C制造业,
广州浪奇,000523,C制造业,
岭南控股,000524,H住宿餐饮,
红太阳,000525,C制造业,
紫光学大,000526,P教育,
柳工,000528,C制造业,
广弘控股,000529,C制造业,
大冷股份,000530,C制造业,
穗恒运Ａ,000531,D水电煤气,
华金资本,000532,S综合,
万家乐,000533,C制造业,
万泽股份,000534,K房地产,
华映科技,000536,C制造业,
广宇发展,000537,K房地产,
云南白药,000538,C制造业,
粤电力Ａ,000539,D水电煤气,
中天金融,000540,K房地产,
佛山照明,000541,C制造业,
皖能电力,000543,D水电煤气,
中原环保,000544,D水电煤气,
金浦钛业,000545,C制造业,
金圆股份,000546,N公共环保,
航天发展,000547,C制造业,
湖南投资,000548,G运输仓储,
江铃汽车,000550,C制造业,
创元科技,000551,S综合,
靖远煤电,000552,B采矿业,
安道麦A,000553,C制造业,
泰山石油,000554,F批发零售,
神州信息,000555,I信息技术,
西部创业,000557,G运输仓储,
莱茵体育,000558,K房地产,
万向钱潮,000559,C制造业,
我爱我家,000560,K房地产,
烽火电子,000561,C制造业,
陕国投Ａ,000563,J金融业,
供销大集,000564,F批发零售,
渝三峡Ａ,000565,C制造业,
海南海药,000566,C制造业,
海德股份,000567,J金融业,
泸州老窖,000568,C制造业,
苏常柴Ａ,000570,C制造业,
新大洲Ａ,000571,S综合,
海马汽车,000572,C制造业,
粤宏远Ａ,000573,K房地产,
广东甘化,000576,C制造业,
威孚高科,000581,C制造业,
北部湾港,000582,G运输仓储,
哈工智能,000584,C制造业,
*ST东电,000585,C制造业,
汇源通信,000586,C制造业,
金洲慈航,000587,C制造业,
黔轮胎Ａ,000589,C制造业,
启迪古汉,000590,C制造业,
太阳能,000591,D水电煤气,
平潭发展,000592,A农林牧渔,
大通燃气,000593,D水电煤气,
宝塔实业,000595,C制造业,
古井贡酒,000596,C制造业,
东北制药,000597,C制造业,
兴蓉环境,000598,D水电煤气,
青岛双星,000599,C制造业,
建投能源,000600,D水电煤气,
韶能股份,000601,D水电煤气,
盛达矿业,000603,B采矿业,
渤海股份,000605,D水电煤气,
顺利办,000606,I信息技术,
华媒控股,000607,R文化传播,
阳光股份,000608,K房地产,
中迪投资,000609,S综合,
西安旅游,000610,N公共环保,
天首发展,000611,C制造业,
焦作万方,000612,C制造业,
大东海A,000613,H住宿餐饮,
京汉股份,000615,K房地产,
海航投资,000616,K房地产,
中油资本,000617,J金融业,
海螺型材,000619,C制造业,
新华联,000620,K房地产,
恒立实业,000622,C制造业,
吉林敖东,000623,C制造业,
长安汽车,000625,C制造业,
远大控股,000626,F批发零售,
天茂集团,000627,J金融业,
高新发展,000628,E建筑业,
攀钢钒钛,000629,C制造业,
铜陵有色,000630,C制造业,
顺发恒业,000631,K房地产,
三木集团,000632,F批发零售,
合金投资,000633,C制造业,
英力特,000635,C制造业,
风华高科,000636,C制造业,
茂化实华,000637,C制造业,
万方发展,000638,I信息技术,
西王食品,000639,C制造业,
仁和药业,000650,C制造业,
格力电器,000651,C制造业,
泰达股份,000652,F批发零售,
*ST金岭,000655,B采矿业,
金科股份,000656,K房地产,
中钨高新,000657,C制造业,
珠海中富,000659,C制造业,
长春高新,000661,C制造业,
天夏智慧,000662,I信息技术,
永安林业,000663,C制造业,
湖北广电,000665,R文化传播,
经纬纺机,000666,C制造业,
美好置业,000667,K房地产,
荣丰控股,000668,K房地产,
金鸿控股,000669,D水电煤气,
盈方微,000670,C制造业,
阳光城,000671,K房地产,
上峰水泥,000672,C制造业,
当代东方,000673,R文化传播,
智度股份,000676,I信息技术,
恒天海龙,000677,C制造业,
襄阳轴承,000678,C制造业,
大连友谊,000679,F批发零售,
山推股份,000680,C制造业,
视觉中国,000681,R文化传播,
东方电子,000682,C制造业,
远兴能源,000683,C制造业,
中山公用,000685,D水电煤气,
东北证券,000686,J金融业,
华讯方舟,000687,C制造业,
国城矿业,000688,B采矿业,
宝新能源,000690,D水电煤气,
亚太实业,000691,K房地产,
惠天热电,000692,D水电煤气,
*ST华泽,000693,B采矿业,
滨海能源,000695,D水电煤气,
炼石航空,000697,C制造业,
沈阳化工,000698,C制造业,
模塑科技,000700,C制造业,
厦门信达,000701,F批发零售,
正虹科技,000702,C制造业,
恒逸石化,000703,C制造业,
浙江震元,000705,F批发零售,
*ST双环,000707,C制造业,
大冶特钢,000708,C制造业,
河钢股份,000709,C制造业,
贝瑞基因,000710,M科研服务,
京蓝科技,000711,E建筑业,
锦龙股份,000712,J金融业,
丰乐种业,000713,A农林牧渔,
中兴商业,000715,F批发零售,
黑芝麻,000716,C制造业,
韶钢松山,000717,C制造业,
苏宁环球,000718,K房地产,
中原传媒,000719,R文化传播,
*ST新能,000720,D水电煤气,
西安饮食,000721,H住宿餐饮,
湖南发展,000722,D水电煤气,
美锦能源,000723,C制造业,
京东方Ａ,000725,C制造业,
鲁泰Ａ,000726,C制造业,
华东科技,000727,C制造业,
国元证券,000728,J金融业,
燕京啤酒,000729,C制造业,
四川美丰,000731,C制造业,
泰禾集团,000732,K房地产,
振华科技,000733,C制造业,
罗牛山,000735,A农林牧渔,
中交地产,000736,K房地产,
*ST南风,000737,C制造业,
航发控制,000738,C制造业,
普洛药业,000739,C制造业,
国海证券,000750,J金融业,
锌业股份,000751,C制造业,
西藏发展,000752,C制造业,
漳州发展,000753,F批发零售,
山西路桥,000755,G运输仓储,
新华制药,000756,C制造业,
浩物股份,000757,C制造业,
中色股份,000758,B采矿业,
中百集团,000759,F批发零售,
斯太尔,000760,C制造业,
本钢板材,000761,C制造业,
西藏矿业,000762,B采矿业,
通化金马,000766,C制造业,
漳泽电力,000767,D水电煤气,
中航飞机,000768,C制造业,
广发证券,000776,J金融业,
中核科技,000777,C制造业,
新兴铸管,000778,C制造业,
三毛派神,000779,C制造业,
平庄能源,000780,B采矿业,
美达股份,000782,C制造业,
长江证券,000783,J金融业,
武汉中商,000785,F批发零售,
北新建材,000786,C制造业,
北大医药,000788,C制造业,
万年青,000789,C制造业,
泰合健康,000790,C制造业,
甘肃电投,000791,D水电煤气,
盐湖股份,000792,C制造业,
华闻传媒,000793,R文化传播,
英洛华,000795,C制造业,
凯撒旅游,000796,L商务服务,
中国武夷,000797,K房地产,
中水渔业,000798,A农林牧渔,
酒鬼酒,000799,C制造业,
一汽轿车,000800,C制造业,
四川九洲,000801,C制造业,
北京文化,000802,R文化传播,
金宇车城,000803,C制造业,
银河生物,000806,C制造业,
云铝股份,000807,C制造业,
铁岭新城,000809,N公共环保,
创维数字,000810,C制造业,
冰轮环境,000811,C制造业,
陕西金叶,000812,C制造业,
德展健康,000813,C制造业,
美利云,000815,C制造业,
*ST慧业,000816,C制造业,
航锦科技,000818,C制造业,
岳阳兴长,000819,C制造业,
神雾节能,000820,C制造业,
京山轻机,000821,C制造业,
山东海化,000822,C制造业,
超声电子,000823,C制造业,
太钢不锈,000825,C制造业,
启迪桑德,000826,N公共环保,
东莞控股,000828,G运输仓储,
天音控股,000829,F批发零售,
鲁西化工,000830,C制造业,
五矿稀土,000831,C制造业,
粤桂股份,000833,C制造业,
长城动漫,000835,I信息技术,
富通鑫茂,000836,C制造业,
秦川机床,000837,C制造业,
财信发展,000838,K房地产,
中信国安,000839,I信息技术,
承德露露,000848,C制造业,
华茂股份,000850,C制造业,
高鸿股份,000851,F批发零售,
石化机械,000852,C制造业,
冀东装备,000856,C制造业,
五粮液,000858,C制造业,
国风塑业,000859,C制造业,
顺鑫农业,000860,C制造业,
海印股份,000861,L商务服务,
银星能源,000862,D水电煤气,
三湘印象,000863,K房地产,
安凯客车,000868,C制造业,
张裕Ａ,000869,C制造业,
吉电股份,000875,D水电煤气,
新希望,000876,C制造业,
天山股份,000877,C制造业,
云南铜业,000878,C制造业,
潍柴重机,000880,C制造业,
中广核技,000881,C制造业,
华联股份,000882,L商务服务,
湖北能源,000883,D水电煤气,
城发环境,000885,G运输仓储,
海南高速,000886,K房地产,
中鼎股份,000887,C制造业,
峨眉山Ａ,000888,N公共环保,
中嘉博创,000889,I信息技术,
法尔胜,000890,C制造业,
欢瑞世纪,000892,R文化传播,
*ST东凌,000893,C制造业,
双汇发展,000895,C制造业,
津滨发展,000897,K房地产,
鞍钢股份,000898,C制造业,
赣能股份,000899,D水电煤气,
现代投资,000900,G运输仓储,
航天科技,000901,C制造业,
新洋丰,000902,C制造业,
云内动力,000903,C制造业,
厦门港务,000905,G运输仓储,
浙商中拓,000906,F批发零售,
景峰医药,000908,C制造业,
数源科技,000909,S综合,
大亚圣象,000910,C制造业,
南宁糖业,000911,C制造业,
*ST天化,000912,C制造业,
钱江摩托,000913,C制造业,
山大华特,000915,C制造业,
电广传媒,000917,I信息技术,
嘉凯城,000918,K房地产,
金陵药业,000919,C制造业,
南方汇通,000920,C制造业,
海信家电,000921,C制造业,
佳电股份,000922,C制造业,
河北宣工,000923,B采矿业,
众合科技,000925,C制造业,
福星股份,000926,K房地产,
一汽夏利,000927,C制造业,
中钢国际,000928,E建筑业,
兰州黄河,000929,C制造业,
中粮生化,000930,C制造业,
中关村,000931,C制造业,
华菱钢铁,000932,C制造业,
神火股份,000933,C制造业,
四川双马,000935,C制造业,
华西股份,000936,C制造业,
冀中能源,000937,B采矿业,
紫光股份,000938,C制造业,
*ST凯迪,000939,D水电煤气,
南天信息,000948,I信息技术,
新乡化纤,000949,C制造业,
重药控股,000950,F批发零售,
中国重汽,000951,C制造业,
广济药业,000952,C制造业,
ST河化,000953,C制造业,
欣龙控股,000955,C制造业,
中通客车,000957,C制造业,
东方能源,000958,D水电煤气,
首钢股份,000959,C制造业,
锡业股份,000960,C制造业,
中南建设,000961,K房地产,
东方钽业,000962,C制造业,
华东医药,000963,F批发零售,
天保基建,000965,K房地产,
长源电力,000966,D水电煤气,
盈峰环境,000967,C制造业,
蓝焰控股,000968,B采矿业,
安泰科技,000969,C制造业,
中科三环,000970,C制造业,
高升控股,000971,I信息技术,
ST中基,000972,C制造业,
佛塑科技,000973,C制造业,
银泰资源,000975,B采矿业,
华铁股份,000976,C制造业,
浪潮信息,000977,C制造业,
桂林旅游,000978,N公共环保,
众泰汽车,000980,C制造业,
银亿股份,000981,C制造业,
*ST中绒,000982,C制造业,
西山煤电,000983,B采矿业,
大庆华科,000985,C制造业,
越秀金控,000987,J金融业,
华工科技,000988,C制造业,
九芝堂,000989,C制造业,
诚志股份,000990,C制造业,
闽东电力,000993,D水电煤气,
*ST皇台,000995,C制造业,
中国中期,000996,F批发零售,
新大陆,000997,I信息技术,
隆平高科,000998,A农林牧渔,
华润三九,000999,C制造业,
宗申动力,001696,C制造业,
招商港口,001872,G运输仓储,
豫能控股,001896,D水电煤气,
招商公路,001965,G运输仓储,
招商蛇口,001979,K房地产,
新和成,002001,C制造业,
鸿达兴业,002002,C制造业,
伟星股份,002003,C制造业,
华邦健康,002004,C制造业,
德豪润达,002005,C制造业,
精功科技,002006,C制造业,
华兰生物,002007,C制造业,
大族激光,002008,C制造业,
天奇股份,002009,C制造业,
传化智联,002010,L商务服务,
盾安环境,002011,C制造业,
凯恩股份,002012,C制造业,
中航机电,002013,C制造业,
永新股份,002014,C制造业,
霞客环保,002015,C制造业,
世荣兆业,002016,K房地产,
东信和平,002017,C制造业,
*ST华信,002018,F批发零售,
亿帆医药,002019,C制造业,
京新药业,002020,C制造业,
中捷资源,002021,C制造业,
科华生物,002022,C制造业,
海特高新,002023,C制造业,
苏宁易购,002024,F批发零售,
航天电器,002025,C制造业,
山东威达,002026,C制造业,
分众传媒,002027,L商务服务,
思源电气,002028,C制造业,
七匹狼,002029,C制造业,
达安基因,002030,C制造业,
巨轮智能,002031,C制造业,
苏泊尔,002032,C制造业,
丽江旅游,002033,N公共环保,
旺能环境,002034,N公共环保,
华帝股份,002035,C制造业,
联创电子,002036,C制造业,
久联发展,002037,C制造业,
双鹭药业,002038,C制造业,
黔源电力,002039,D水电煤气,
南京港,002040,G运输仓储,
登海种业,002041,A农林牧渔,
华孚时尚,002042,C制造业,
兔宝宝,002043,C制造业,
美年健康,002044,Q卫生,
国光电器,002045,C制造业,
轴研科技,002046,C制造业,
宝鹰股份,002047,E建筑业,
宁波华翔,002048,C制造业,
紫光国微,002049,C制造业,
三花智控,002050,C制造业,
中工国际,002051,E建筑业,
同洲电子,002052,C制造业,
云南能投,002053,C制造业,
德美化工,002054,C制造业,
得润电子,002055,C制造业,
横店东磁,002056,C制造业,
中钢天源,002057,C制造业,
威尔泰,002058,C制造业,
云南旅游,002059,N公共环保,
粤水电,002060,E建筑业,
浙江交科,002061,E建筑业,
宏润建设,002062,E建筑业,
远光软件,002063,I信息技术,
华峰氨纶,002064,C制造业,
东华软件,002065,I信息技术,
瑞泰科技,002066,C制造业,
景兴纸业,002067,C制造业,
黑猫股份,002068,C制造业,
獐子岛,002069,A农林牧渔,
*ST众和,002070,C制造业,
长城影视,002071,R文化传播,
凯瑞德,002072,I信息技术,
软控股份,002073,C制造业,
国轩高科,002074,C制造业,
沙钢股份,002075,C制造业,
雪莱特,002076,C制造业,
大港股份,002077,K房地产,
太阳纸业,002078,C制造业,
苏州固锝,002079,C制造业,
中材科技,002080,C制造业,
金螳螂,002081,E建筑业,
万邦德,002082,C制造业,
孚日股份,002083,C制造业,
海鸥住工,002084,C制造业,
万丰奥威,002085,C制造业,
ST东海洋,002086,A农林牧渔,
新野纺织,002087,C制造业,
鲁阳节能,002088,C制造业,
新海宜,002089,C制造业,
金智科技,002090,C制造业,
江苏国泰,002091,F批发零售,
中泰化学,002092,C制造业,
国脉科技,002093,I信息技术,
青岛金王,002094,C制造业,
生意宝,002095,I信息技术,
南岭民爆,002096,C制造业,
山河智能,002097,C制造业,
浔兴股份,002098,C制造业,
海翔药业,002099,C制造业,
天康生物,002100,C制造业,
广东鸿图,002101,C制造业,
ST冠福,002102,C制造业,
广博股份,002103,L商务服务,
恒宝股份,002104,C制造业,
信隆健康,002105,C制造业,
莱宝高科,002106,C制造业,
沃华医药,002107,C制造业,
沧州明珠,002108,C制造业,
兴化股份,002109,C制造业,
三钢闽光,002110,C制造业,
威海广泰,002111,C制造业,
三变科技,002112,C制造业,
天润数娱,002113,I信息技术,
罗平锌电,002114,C制造业,
三维通信,002115,C制造业,
中国海诚,002116,M科研服务,
东港股份,002117,C制造业,
紫鑫药业,002118,C制造业,
康强电子,002119,C制造业,
韵达股份,002120,G运输仓储,
科陆电子,002121,C制造业,
*ST天马,002122,C制造业,
梦网集团,002123,I信息技术,
天邦股份,002124,C制造业,
湘潭电化,002125,C制造业,
银轮股份,002126,C制造业,
南极电商,002127,L商务服务,
露天煤业,002128,B采矿业,
中环股份,002129,C制造业,
沃尔核材,002130,C制造业,
利欧股份,002131,I信息技术,
恒星科技,002132,C制造业,
广宇集团,002133,K房地产,
天津普林,002134,C制造业,
东南网架,002135,E建筑业,
安纳达,002136,C制造业,
麦达数字,002137,I信息技术,
顺络电子,002138,C制造业,
拓邦股份,002139,C制造业,
东华科技,002140,E建筑业,
贤丰控股,002141,C制造业,
宁波银行,002142,J金融业,
印纪传媒,002143,L商务服务,
宏达高科,002144,C制造业,
中核钛白,002145,C制造业,
荣盛发展,002146,K房地产,
ST新光,002147,K房地产,
北纬科技,002148,I信息技术,
西部材料,002149,C制造业,
通润装备,002150,C制造业,
北斗星通,002151,C制造业,
广电运通,002152,C制造业,
石基信息,002153,I信息技术,
报喜鸟,002154,C制造业,
湖南黄金,002155,B采矿业,
通富微电,002156,C制造业,
正邦科技,002157,C制造业,
汉钟精机,002158,C制造业,
三特索道,002159,N公共环保,
常铝股份,002160,C制造业,
远望谷,002161,C制造业,
悦心健康,002162,C制造业,
中航三鑫,002163,E建筑业,
宁波东力,002164,L商务服务,
红宝丽,002165,C制造业,
莱茵生物,002166,C制造业,
东方锆业,002167,C制造业,
惠程科技,002168,C制造业,
智光电气,002169,C制造业,
芭田股份,002170,C制造业,
楚江新材,002171,C制造业,
澳洋健康,002172,C制造业,
创新医疗,002173,Q卫生,
游族网络,002174,I信息技术,
东方网络,002175,I信息技术,
江特电机,002176,C制造业,
御银股份,002177,C制造业,
延华智能,002178,M科研服务,
中航光电,002179,C制造业,
纳思达,002180,C制造业,
粤传媒,002181,L商务服务,
云海金属,002182,C制造业,
怡亚通,002183,L商务服务,
海得控制,002184,C制造业,
华天科技,002185,C制造业,
全聚德,002186,H住宿餐饮,
广百股份,002187,F批发零售,
*ST巴士,002188,L商务服务,
利达光电,002189,C制造业,
成飞集成,002190,C制造业,
劲嘉股份,002191,C制造业,
融捷股份,002192,C制造业,
如意集团,002193,C制造业,
*ST凡谷,002194,C制造业,
二三四五,002195,I信息技术,
方正电机,002196,C制造业,
证通电子,002197,C制造业,
嘉应制药,002198,C制造业,
东晶电子,002199,C制造业,
云投生态,002200,A农林牧渔,
九鼎新材,002201,C制造业,
金风科技,002202,C制造业,
海亮股份,002203,C制造业,
大连重工,002204,C制造业,
国统股份,002205,C制造业,
海利得,002206,C制造业,
ST准油,002207,B采矿业,
合肥城建,002208,K房地产,
达意隆,002209,C制造业,
飞马国际,002210,L商务服务,
宏达新材,002211,C制造业,
南洋股份,002212,C制造业,
特尔佳,002213,C制造业,
大立科技,002214,C制造业,
诺普信,002215,C制造业,
三全食品,002216,C制造业,
合力泰,002217,C制造业,
拓日新能,002218,C制造业,
恒康医疗,002219,C制造业,
天宝食品,002220,C制造业,
东华能源,002221,F批发零售,
福晶科技,002222,C制造业,
鱼跃医疗,002223,C制造业,
三力士,002224,C制造业,
濮耐股份,002225,C制造业,
江南化工,002226,C制造业,
奥特迅,002227,C制造业,
合兴包装,002228,C制造业,
鸿博股份,002229,C制造业,
科大讯飞,002230,I信息技术,
奥维通信,002231,C制造业,
启明信息,002232,I信息技术,
塔牌集团,002233,C制造业,
民和股份,002234,A农林牧渔,
安妮股份,002235,I信息技术,
大华股份,002236,C制造业,
恒邦股份,002237,C制造业,
天威视讯,002238,I信息技术,
奥特佳,002239,C制造业,
威华股份,002240,C制造业,
歌尔股份,002241,C制造业,
九阳股份,002242,C制造业,
通产丽星,002243,C制造业,
滨江集团,002244,K房地产,
澳洋顺昌,002245,G运输仓储,
北化股份,002246,C制造业,
聚力文化,002247,I信息技术,
华东数控,002248,C制造业,
大洋电机,002249,C制造业,
联化科技,002250,C制造业,
步步高,002251,F批发零售,
上海莱士,002252,C制造业,
川大智胜,002253,I信息技术,
泰和新材,002254,C制造业,
海陆重工,002255,C制造业,
兆新股份,002256,C制造业,
利尔化学,002258,C制造业,
ST升达,002259,D水电煤气,
*ST德奥,002260,C制造业,
拓维信息,002261,I信息技术,
恩华药业,002262,C制造业,
*ST东南,002263,C制造业,
新华都,002264,F批发零售,
西仪股份,002265,C制造业,
浙富控股,002266,C制造业,
陕天然气,002267,D水电煤气,
卫士通,002268,I信息技术,
美邦服饰,002269,C制造业,
华明装备,002270,C制造业,
东方雨虹,002271,C制造业,
川润股份,002272,C制造业,
水晶光电,002273,C制造业,
华昌化工,002274,C制造业,
桂林三金,002275,C制造业,
万马股份,002276,C制造业,
友阿股份,002277,F批发零售,
神开股份,002278,C制造业,
久其软件,002279,I信息技术,
联络互动,002280,I信息技术,
光迅科技,002281,C制造业,
博深工具,002282,C制造业,
天润曲轴,002283,C制造业,
亚太股份,002284,C制造业,
世联行,002285,K房地产,
保龄宝,002286,C制造业,
奇正藏药,002287,C制造业,
超华科技,002288,C制造业,
宇顺电子,002289,C制造业,
中科新材,002290,C制造业,
星期六,002291,C制造业,
奥飞娱乐,002292,C制造业,
罗莱生活,002293,C制造业,
信立泰,002294,C制造业,
精艺股份,002295,C制造业,
辉煌科技,002296,C制造业,
博云新材,002297,C制造业,
中电兴发,002298,I信息技术,
圣农发展,002299,A农林牧渔,
太阳电缆,002300,C制造业,
齐心集团,002301,C制造业,
西部建设,002302,C制造业,
美盈森,002303,C制造业,
洋河股份,002304,C制造业,
南国置业,002305,K房地产,
*ST云网,002306,H住宿餐饮,
北新路桥,002307,E建筑业,
威创股份,002308,C制造业,
中利集团,002309,C制造业,
东方园林,002310,E建筑业,
海大集团,002311,C制造业,
三泰控股,002312,C制造业,
日海智能,002313,C制造业,
南山控股,002314,K房地产,
焦点科技,002315,I信息技术,
亚联发展,002316,I信息技术,
众生药业,002317,C制造业,
久立特材,002318,C制造业,
乐通股份,002319,C制造业,
海峡股份,002320,G运输仓储,
华英农业,002321,A农林牧渔,
理工环科,002322,I信息技术,
*ST百特,002323,E建筑业,
普利特,002324,C制造业,
洪涛股份,002325,E建筑业,
永太科技,002326,C制造业,
富安娜,002327,C制造业,
新朋股份,002328,C制造业,
皇氏集团,002329,C制造业,
得利斯,002330,C制造业,
皖通科技,002331,I信息技术,
仙琚制药,002332,C制造业,
罗普斯金,002333,C制造业,
英威腾,002334,C制造业,
科华恒盛,002335,C制造业,
人人乐,002336,F批发零售,
赛象科技,002337,C制造业,
奥普光电,002338,C制造业,
积成电子,002339,C制造业,
格林美,002340,C制造业,
新纶科技,002341,C制造业,
巨力索具,002342,C制造业,
慈文传媒,002343,R文化传播,
海宁皮城,002344,L商务服务,
潮宏基,002345,C制造业,
柘中股份,002346,C制造业,
泰尔股份,002347,C制造业,
高乐股份,002348,C制造业,
精华制药,002349,C制造业,
北京科锐,002350,C制造业,
漫步者,002351,C制造业,
顺丰控股,002352,G运输仓储,
杰瑞股份,002353,C制造业,
天神娱乐,002354,I信息技术,
兴民智通,002355,C制造业,
赫美集团,002356,F批发零售,
富临运业,002357,G运输仓储,
森源电气,002358,C制造业,
北讯集团,002359,I信息技术,
同德化工,002360,C制造业,
神剑股份,002361,C制造业,
汉王科技,002362,C制造业,
隆基机械,002363,C制造业,
中恒电气,002364,C制造业,
永安药业,002365,C制造业,
台海核电,002366,C制造业,
康力电梯,002367,C制造业,
太极股份,002368,I信息技术,
卓翼科技,002369,C制造业,
亚太药业,002370,C制造业,
北方华创,002371,C制造业,
伟星新材,002372,C制造业,
千方科技,002373,I信息技术,
丽鹏股份,002374,E建筑业,
亚厦股份,002375,E建筑业,
新北洋,002376,C制造业,
国创高新,002377,K房地产,
章源钨业,002378,C制造业,
宏创控股,002379,C制造业,
科远股份,002380,C制造业,
双箭股份,002381,C制造业,
蓝帆医疗,002382,C制造业,
合众思壮,002383,C制造业,
东山精密,002384,C制造业,
大北农,002385,C制造业,
天原集团,002386,C制造业,
维信诺,002387,C制造业,
新亚制程,002388,C制造业,
航天彩虹,002389,C制造业,
信邦制药,002390,C制造业,
长青股份,002391,C制造业,
北京利尔,002392,C制造业,
力生制药,002393,C制造业,
联发股份,002394,C制造业,
双象股份,002395,C制造业,
星网锐捷,002396,C制造业,
梦洁股份,002397,C制造业,
建研集团,002398,M科研服务,
海普瑞,002399,C制造业,
省广集团,002400,L商务服务,
中远海科,002401,I信息技术,
和而泰,002402,C制造业,
爱仕达,002403,C制造业,
嘉欣丝绸,002404,C制造业,
四维图新,002405,I信息技术,
远东传动,002406,C制造业,
多氟多,002407,C制造业,
齐翔腾达,002408,C制造业,
雅克科技,002409,C制造业,
广联达,002410,I信息技术,
延安必康,002411,C制造业,
汉森制药,002412,C制造业,
雷科防务,002413,C制造业,
高德红外,002414,C制造业,
海康威视,002415,C制造业,
爱施德,002416,F批发零售,
深南股份,002417,C制造业,
康盛股份,002418,C制造业,
天虹股份,002419,F批发零售,
毅昌股份,002420,C制造业,
达实智能,002421,I信息技术,
科伦药业,002422,C制造业,
中原特钢,002423,C制造业,
贵州百灵,002424,C制造业,
凯撒文化,002425,I信息技术,
胜利精密,002426,C制造业,
*ST尤夫,002427,C制造业,
云南锗业,002428,C制造业,
兆驰股份,002429,C制造业,
杭氧股份,002430,C制造业,
棕榈股份,002431,E建筑业,
九安医疗,002432,C制造业,
太安堂,002433,C制造业,
万里扬,002434,C制造业,
长江润发,002435,C制造业,
兴森科技,002436,C制造业,
誉衡药业,002437,C制造业,
江苏神通,002438,C制造业,
启明星辰,002439,I信息技术,
闰土股份,002440,C制造业,
众业达,002441,F批发零售,
龙星化工,002442,C制造业,
金洲管道,002443,C制造业,
巨星科技,002444,C制造业,
ST中南,002445,R文化传播,
盛路通信,002446,C制造业,
晨鑫科技,002447,I信息技术,
中原内配,002448,C制造业,
国星光电,002449,C制造业,
ST康得新,002450,C制造业,
摩恩电气,002451,C制造业,
长高集团,002452,C制造业,
华软科技,002453,C制造业,
松芝股份,002454,C制造业,
百川股份,002455,C制造业,
欧菲科技,002456,C制造业,
青龙管业,002457,C制造业,
益生股份,002458,A农林牧渔,
天业通联,002459,C制造业,
赣锋锂业,002460,C制造业,
珠江啤酒,002461,C制造业,
嘉事堂,002462,F批发零售,
沪电股份,002463,C制造业,
众应互联,002464,I信息技术,
海格通信,002465,C制造业,
天齐锂业,002466,C制造业,
二六三,002467,I信息技术,
申通快递,002468,G运输仓储,
三维工程,002469,M科研服务,
金正大,002470,C制造业,
中超控股,002471,C制造业,
双环传动,002472,C制造业,
*ST圣莱,002473,C制造业,
榕基软件,002474,I信息技术,
立讯精密,002475,C制造业,
宝莫股份,002476,C制造业,
雏鹰农牧,002477,A农林牧渔,
常宝股份,002478,C制造业,
富春环保,002479,D水电煤气,
新筑股份,002480,C制造业,
双塔食品,002481,C制造业,
广田集团,002482,E建筑业,
润邦股份,002483,C制造业,
江海股份,002484,C制造业,
希努尔,002485,C制造业,
嘉麟杰,002486,C制造业,
大金重工,002487,C制造业,
金固股份,002488,C制造业,
浙江永强,002489,C制造业,
山东墨龙,002490,C制造业,
通鼎互联,002491,C制造业,
恒基达鑫,002492,G运输仓储,
荣盛石化,002493,C制造业,
华斯股份,002494,C制造业,
佳隆股份,002495,C制造业,
辉丰股份,002496,C制造业,
雅化集团,002497,C制造业,
汉缆股份,002498,C制造业,
科林环保,002499,D水电煤气,
山西证券,002500,J金融业,
利源精制,002501,C制造业,
骅威文化,002502,R文化传播,
搜于特,002503,C制造业,
弘高创意,002504,E建筑业,
大康农业,002505,F批发零售,
协鑫集成,002506,C制造业,
涪陵榨菜,002507,C制造业,
老板电器,002508,C制造业,
天广中茂,002509,C制造业,
天汽模,002510,C制造业,
中顺洁柔,002511,C制造业,
达华智能,002512,C制造业,
蓝丰生化,002513,C制造业,
宝馨科技,002514,C制造业,
金字火腿,002515,C制造业,
旷达科技,002516,C制造业,
恺英网络,002517,I信息技术,
科士达,002518,C制造业,
银河电子,002519,C制造业,
日发精机,002520,C制造业,
齐峰新材,002521,C制造业,
浙江众成,002522,C制造业,
天桥起重,002523,C制造业,
光正集团,002524,D水电煤气,
山东矿机,002526,C制造业,
新时达,002527,C制造业,
英飞拓,002528,C制造业,
海源复材,002529,C制造业,
金财互联,002530,I信息技术,
天顺风能,002531,C制造业,
新界泵业,002532,C制造业,
金杯电工,002533,C制造业,
杭锅股份,002534,C制造业,
林州重机,002535,C制造业,
西泵股份,002536,C制造业,
海联金汇,002537,C制造业,
司尔特,002538,C制造业,
云图控股,002539,C制造业,
亚太科技,002540,C制造业,
鸿路钢构,002541,C制造业,
中化岩土,002542,E建筑业,
万和电气,002543,C制造业,
杰赛科技,002544,I信息技术,
东方铁塔,002545,C制造业,
新联电子,002546,C制造业,
春兴精工,002547,C制造业,
金新农,002548,C制造业,
凯美特气,002549,N公共环保,
千红制药,002550,C制造业,
尚荣医疗,002551,C制造业,
*ST宝鼎,002552,C制造业,
南方轴承,002553,C制造业,
惠博普,002554,B采矿业,
三七互娱,002555,I信息技术,
辉隆股份,002556,F批发零售,
洽洽食品,002557,C制造业,
巨人网络,002558,I信息技术,
亚威股份,002559,C制造业,
通达股份,002560,C制造业,
徐家汇,002561,F批发零售,
兄弟科技,002562,C制造业,
森马服饰,002563,C制造业,
天沃科技,002564,M科研服务,
顺灏股份,002565,C制造业,
益盛药业,002566,C制造业,
唐人神,002567,C制造业,
百润股份,002568,C制造业,
步森股份,002569,C制造业,
*ST因美,002570,C制造业,
德力股份,002571,C制造业,
索菲亚,002572,C制造业,
清新环境,002573,N公共环保,
明牌珠宝,002574,C制造业,
群兴玩具,002575,C制造业,
通达动力,002576,C制造业,
雷柏科技,002577,C制造业,
闽发铝业,002578,C制造业,
中京电子,002579,C制造业,
圣阳股份,002580,C制造业,
未名医药,002581,C制造业,
好想你,002582,C制造业,
海能达,002583,C制造业,
西陇科学,002584,C制造业,
双星新材,002585,C制造业,
围海股份,002586,E建筑业,
奥拓电子,002587,C制造业,
史丹利,002588,C制造业,
瑞康医药,002589,F批发零售,
万安科技,002590,C制造业,
恒大高新,002591,C制造业,
八菱科技,002592,C制造业,
日上集团,002593,C制造业,
比亚迪,002594,C制造业,
豪迈科技,002595,C制造业,
海南瑞泽,002596,C制造业,
金禾实业,002597,C制造业,
山东章鼓,002598,C制造业,
盛通股份,002599,C制造业,
领益智造,002600,C制造业,
龙蟒佰利,002601,C制造业,
世纪华通,002602,C制造业,
以岭药业,002603,C制造业,
*ST龙力,002604,C制造业,
姚记扑克,002605,C制造业,
大连电瓷,002606,C制造业,
中公教育,002607,F批发零售,
江苏国信,002608,D水电煤气,
捷顺科技,002609,I信息技术,
爱康科技,002610,C制造业,
东方精工,002611,C制造业,
朗姿股份,002612,C制造业,
北玻股份,002613,C制造业,
奥佳华,002614,C制造业,
哈尔斯,002615,C制造业,
长青集团,002616,C制造业,
露笑科技,002617,C制造业,
丹邦科技,002618,C制造业,
艾格拉斯,002619,I信息技术,
瑞和股份,002620,E建筑业,
三垒股份,002621,P教育,
融钰集团,002622,C制造业,
亚玛顿,002623,C制造业,
完美世界,002624,I信息技术,
光启技术,002625,C制造业,
金达威,002626,C制造业,
宜昌交运,002627,G运输仓储,
成都路桥,002628,E建筑业,
仁智股份,002629,B采矿业,
华西能源,002630,C制造业,
德尔未来,002631,C制造业,
道明光学,002632,C制造业,
申科股份,002633,C制造业,
棒杰股份,002634,C制造业,
安洁科技,002635,C制造业,
金安国纪,002636,C制造业,
赞宇科技,002637,C制造业,
勤上股份,002638,C制造业,
雪人股份,002639,C制造业,
跨境通,002640,F批发零售,
永高股份,002641,C制造业,
荣之联,002642,I信息技术,
万润股份,002643,C制造业,
佛慈制药,002644,C制造业,
华宏科技,002645,C制造业,
青青稞酒,002646,C制造业,
仁东控股,002647,J金融业,
卫星石化,002648,C制造业,
博彦科技,002649,I信息技术,
加加食品,002650,C制造业,
利君股份,002651,C制造业,
扬子新材,002652,C制造业,
海思科,002653,C制造业,
万润科技,002654,C制造业,
共达电声,002655,C制造业,
摩登大道,002656,C制造业,
中科金财,002657,I信息技术,
雪迪龙,002658,C制造业,
凯文教育,002659,E建筑业,
茂硕电源,002660,C制造业,
克明面业,002661,C制造业,
京威股份,002662,C制造业,
普邦股份,002663,E建筑业,
长鹰信质,002664,C制造业,
首航节能,002665,C制造业,
德联集团,002666,C制造业,
鞍重股份,002667,C制造业,
奥马电器,002668,C制造业,
康达新材,002669,C制造业,
国盛金控,002670,J金融业,
龙泉股份,002671,C制造业,
东江环保,002672,C制造业,
西部证券,002673,J金融业,
兴业科技,002674,C制造业,
东诚药业,002675,C制造业,
顺威股份,002676,C制造业,
浙江美大,002677,C制造业,
珠江钢琴,002678,C制造业,
福建金森,002679,A农林牧渔,
*ST长生,002680,C制造业,
奋达科技,002681,C制造业,
龙洲股份,002682,G运输仓储,
宏大爆破,002683,B采矿业,
猛狮科技,002684,C制造业,
华东重机,002685,C制造业,
亿利达,002686,C制造业,
乔治白,002687,C制造业,
金河生物,002688,C制造业,
远大智能,002689,C制造业,
美亚光电,002690,C制造业,
冀凯股份,002691,C制造业,
远程股份,002692,C制造业,
双成药业,002693,C制造业,
顾地科技,002694,C制造业,
煌上煌,002695,C制造业,
百洋股份,002696,A农林牧渔,
红旗连锁,002697,F批发零售,
博实股份,002698,C制造业,
美盛文化,002699,R文化传播,
新疆浩源,002700,D水电煤气,
奥瑞金,002701,C制造业,
海欣食品,002702,C制造业,
浙江世宝,002703,C制造业,
新宝股份,002705,C制造业,
良信电器,002706,C制造业,
众信旅游,002707,L商务服务,
光洋股份,002708,C制造业,
天赐材料,002709,C制造业,
欧浦智网,002711,G运输仓储,
思美传媒,002712,L商务服务,
东易日盛,002713,E建筑业,
牧原股份,002714,A农林牧渔,
登云股份,002715,C制造业,
金贵银业,002716,C制造业,
岭南股份,002717,N公共环保,
友邦吊顶,002718,C制造业,
麦趣尔,002719,C制造业,
金一文化,002721,C制造业,
金轮股份,002722,C制造业,
金莱特,002723,C制造业,
海洋王,002724,C制造业,
跃岭股份,002725,C制造业,
龙大肉食,002726,C制造业,
一心堂,002727,F批发零售,
特一药业,002728,C制造业,
好利来,002729,C制造业,
电光科技,002730,C制造业,
萃华珠宝,002731,C制造业,
燕塘乳业,002732,C制造业,
雄韬股份,002733,C制造业,
利民股份,002734,C制造业,
王子新材,002735,C制造业,
国信证券,002736,J金融业,
葵花药业,002737,C制造业,
中矿资源,002738,M科研服务,
万达电影,002739,R文化传播,
爱迪尔,002740,C制造业,
光华科技,002741,C制造业,
三圣股份,002742,C制造业,
富煌钢构,002743,C制造业,
木林森,002745,C制造业,
仙坛股份,002746,A农林牧渔,
埃斯顿,002747,C制造业,
世龙实业,002748,C制造业,
国光股份,002749,C制造业,
龙津药业,002750,C制造业,
易尚展示,002751,C制造业,
昇兴股份,002752,C制造业,
永东股份,002753,C制造业,
东方新星,002755,E建筑业,
永兴特钢,002756,C制造业,
南兴装备,002757,C制造业,
华通医药,002758,F批发零售,
天际股份,002759,C制造业,
凤形股份,002760,C制造业,
多喜爱,002761,C制造业,
金发拉比,002762,C制造业,
汇洁股份,002763,C制造业,
蓝黛传动,002765,C制造业,
索菱股份,002766,C制造业,
先锋电子,002767,C制造业,
国恩股份,002768,C制造业,
普路通,002769,L商务服务,
科迪乳业,002770,C制造业,
真视通,002771,I信息技术,
众兴菌业,002772,A农林牧渔,
康弘药业,002773,C制造业,
快意电梯,002774,C制造业,
文科园林,002775,E建筑业,
柏堡龙,002776,M科研服务,
久远银海,002777,I信息技术,
高科石化,002778,C制造业,
中坚科技,002779,C制造业,
三夫户外,002780,F批发零售,
奇信股份,002781,E建筑业,
可立克,002782,C制造业,
凯龙股份,002783,C制造业,
万里石,002785,C制造业,
银宝山新,002786,C制造业,
华源控股,002787,C制造业,
鹭燕医药,002788,F批发零售,
建艺集团,002789,E建筑业,
瑞尔特,002790,C制造业,
坚朗五金,002791,C制造业,
通宇通讯,002792,C制造业,
东音股份,002793,C制造业,
永和智控,002795,C制造业,
世嘉科技,002796,C制造业,
第一创业,002797,J金融业,
帝欧家居,002798,C制造业,
环球印务,002799,C制造业,
天顺股份,002800,G运输仓储,
微光股份,002801,C制造业,
洪汇新材,002802,C制造业,
吉宏股份,002803,C制造业,
丰元股份,002805,C制造业,
华锋股份,002806,C制造业,
江阴银行,002807,J金融业,
恒久科技,002808,C制造业,
红墙股份,002809,C制造业,
山东赫达,002810,C制造业,
亚泰国际,002811,E建筑业,
恩捷股份,002812,C制造业,
路畅科技,002813,C制造业,
崇达技术,002815,C制造业,
和科达,002816,C制造业,
黄山胶囊,002817,C制造业,
富森美,002818,L商务服务,
东方中科,002819,F批发零售,
桂发祥,002820,C制造业,
凯莱英,002821,C制造业,
中装建设,002822,E建筑业,
凯中精密,002823,C制造业,
和胜股份,002824,C制造业,
纳尔股份,002825,C制造业,
易明医药,002826,C制造业,
高争民爆,002827,C制造业,
贝肯能源,002828,B采矿业,
星网宇达,002829,C制造业,
名雕股份,002830,E建筑业,
裕同科技,002831,C制造业,
比音勒芬,002832,C制造业,
弘亚数控,002833,C制造业,
同为股份,002835,C制造业,
新宏泽,002836,C制造业,
英维克,002837,C制造业,
道恩股份,002838,C制造业,
张家港行,002839,J金融业,
华统股份,002840,C制造业,
视源股份,002841,C制造业,
翔鹭钨业,002842,C制造业,
泰嘉股份,002843,C制造业,
同兴达,002845,C制造业,
英联股份,002846,C制造业,
盐津铺子,002847,C制造业,
高斯贝尔,002848,C制造业,
威星智能,002849,C制造业,
科达利,002850,C制造业,
麦格米特,002851,C制造业,
道道全,002852,C制造业,
皮阿诺,002853,C制造业,
捷荣技术,002855,C制造业,
美芝股份,002856,E建筑业,
三晖电气,002857,C制造业,
力盛赛车,002858,R文化传播,
洁美科技,002859,C制造业,
星帅尔,002860,C制造业,
瀛通通讯,002861,C制造业,
实丰文化,002862,C制造业,
今飞凯达,002863,C制造业,
盘龙药业,002864,C制造业,
钧达股份,002865,C制造业,
传艺科技,002866,C制造业,
周大生,002867,F批发零售,
绿康生化,002868,C制造业,
金溢科技,002869,C制造业,
香山股份,002870,C制造业,
伟隆股份,002871,C制造业,
天圣制药,002872,F批发零售,
新天药业,002873,C制造业,
安奈儿,002875,C制造业,
三利谱,002876,C制造业,
智能自控,002877,C制造业,
元隆雅图,002878,L商务服务,
长缆科技,002879,C制造业,
卫光生物,002880,C制造业,
美格智能,002881,C制造业,
金龙羽,002882,C制造业,
中设股份,002883,M科研服务,
凌霄泵业,002884,C制造业,
京泉华,002885,C制造业,
沃特股份,002886,C制造业,
绿茵生态,002887,N公共环保,
惠威科技,002888,C制造业,
东方嘉盛,002889,L商务服务,
弘宇股份,002890,C制造业,
中宠股份,002891,C制造业,
科力尔,002892,C制造业,
华通热力,002893,D水电煤气,
川恒股份,002895,C制造业,
中大力德,002896,C制造业,
意华股份,002897,C制造业,
赛隆药业,002898,C制造业,
英派斯,002899,C制造业,
哈三联,002900,C制造业,
大博医疗,002901,C制造业,
铭普光磁,002902,C制造业,
宇环数控,002903,C制造业,
金逸影视,002905,R文化传播,
华阳集团,002906,C制造业,
华森制药,002907,C制造业,
德生科技,002908,I信息技术,
集泰股份,002909,C制造业,
庄园牧场,002910,C制造业,
佛燃股份,002911,D水电煤气,
中新赛克,002912,I信息技术,
奥士康,002913,C制造业,
中欣氟材,002915,C制造业,
深南电路,002916,C制造业,
金奥博,002917,C制造业,
蒙娜丽莎,002918,C制造业,
名臣健康,002919,C制造业,
德赛西威,002920,C制造业,
联诚精密,002921,C制造业,
伊戈尔,002922,C制造业,
润都股份,002923,C制造业,
盈趣科技,002925,C制造业,
华西证券,002926,J金融业,
泰永长征,002927,C制造业,
华夏航空,002928,G运输仓储,
润建通信,002929,I信息技术,
宏川智慧,002930,G运输仓储,
锋龙股份,002931,C制造业,
明德生物,002932,C制造业,
新兴装备,002933,C制造业,
天奥电子,002935,C制造业,
郑州银行,002936,J金融业,
兴瑞科技,002937,C制造业,
鹏鼎控股,002938,C制造业,
长城证券,002939,J金融业,
昂利康,002940,C制造业,
新疆交建,002941,E建筑业,
新农股份,002942,C制造业,
宇晶股份,002943,C制造业,
华林证券,002945,J金融业,
新乳业,002946,C制造业,
恒铭达,002947,C制造业,
青岛银行,002948,J金融业,
特锐德,300001,C制造业,
神州泰岳,300002,I信息技术,
乐普医疗,300003,C制造业,
南风股份,300004,C制造业,
探路者,300005,C制造业,
莱美药业,300006,C制造业,
汉威科技,300007,C制造业,
天海防务,300008,M科研服务,
安科生物,300009,C制造业,
立思辰,300010,I信息技术,
鼎汉技术,300011,C制造业,
华测检测,300012,M科研服务,
新宁物流,300013,G运输仓储,
亿纬锂能,300014,C制造业,
爱尔眼科,300015,Q卫生,
北陆药业,300016,C制造业,
网宿科技,300017,I信息技术,
中元股份,300018,C制造业,
硅宝科技,300019,C制造业,
银江股份,300020,I信息技术,
大禹节水,300021,C制造业,
吉峰科技,300022,F批发零售,
宝德股份,300023,L商务服务,
机器人,300024,C制造业,
华星创业,300025,I信息技术,
红日药业,300026,C制造业,
华谊兄弟,300027,R文化传播,
金亚科技,300028,C制造业,
天龙光电,300029,C制造业,
阳普医疗,300030,C制造业,
宝通科技,300031,I信息技术,
金龙机电,300032,C制造业,
同花顺,300033,I信息技术,
钢研高纳,300034,C制造业,
中科电气,300035,C制造业,
超图软件,300036,I信息技术,
新宙邦,300037,C制造业,
数知科技,300038,I信息技术,
上海凯宝,300039,C制造业,
九洲电气,300040,C制造业,
回天新材,300041,C制造业,
朗科科技,300042,C制造业,
星辉娱乐,300043,I信息技术,
赛为智能,300044,I信息技术,
华力创通,300045,C制造业,
台基股份,300046,C制造业,
天源迪科,300047,I信息技术,
合康新能,300048,C制造业,
福瑞股份,300049,C制造业,
世纪鼎利,300050,I信息技术,
三五互联,300051,I信息技术,
中青宝,300052,I信息技术,
欧比特,300053,C制造业,
鼎龙股份,300054,C制造业,
万邦达,300055,E建筑业,
三维丝,300056,C制造业,
万顺股份,300057,C制造业,
蓝色光标,300058,L商务服务,
东方财富,300059,I信息技术,
康旗股份,300061,C制造业,
中能电气,300062,C制造业,
天龙集团,300063,L商务服务,
豫金刚石,300064,C制造业,
海兰信,300065,C制造业,
三川智慧,300066,C制造业,
安诺其,300067,C制造业,
南都电源,300068,C制造业,
金利华电,300069,C制造业,
碧水源,300070,N公共环保,
华谊嘉信,300071,L商务服务,
三聚环保,300072,C制造业,
当升科技,300073,C制造业,
华平股份,300074,I信息技术,
数字政通,300075,I信息技术,
GQY视讯,300076,C制造业,
国民技术,300077,C制造业,
思创医惠,300078,C制造业,
数码科技,300079,C制造业,
易成新能,300080,C制造业,
恒信东方,300081,M科研服务,
奥克股份,300082,C制造业,
劲胜智能,300083,C制造业,
海默科技,300084,B采矿业,
银之杰,300085,I信息技术,
康芝药业,300086,C制造业,
荃银高科,300087,A农林牧渔,
长信科技,300088,C制造业,
文化长城,300089,C制造业,
盛运环保,300090,C制造业,
金通灵,300091,C制造业,
科新机电,300092,C制造业,
金刚玻璃,300093,C制造业,
国联水产,300094,A农林牧渔,
华伍股份,300095,C制造业,
易联众,300096,I信息技术,
智云股份,300097,C制造业,
高新兴,300098,I信息技术,
精准信息,300099,C制造业,
双林股份,300100,C制造业,
振芯科技,300101,C制造业,
乾照光电,300102,C制造业,
达刚路机,300103,C制造业,
乐视网,300104,I信息技术,
龙源技术,300105,C制造业,
西部牧业,300106,A农林牧渔,
建新股份,300107,C制造业,
吉药控股,300108,C制造业,
新开源,300109,C制造业,
华仁药业,300110,C制造业,
向日葵,300111,C制造业,
万讯自控,300112,C制造业,
顺网科技,300113,I信息技术,
中航电测,300114,C制造业,
长盈精密,300115,C制造业,
坚瑞沃能,300116,C制造业,
嘉寓股份,300117,E建筑业,
东方日升,300118,C制造业,
瑞普生物,300119,C制造业,
经纬辉开,300120,C制造业,
阳谷华泰,300121,C制造业,
智飞生物,300122,C制造业,
亚光科技,300123,C制造业,
汇川技术,300124,C制造业,
易世达,300125,M科研服务,
锐奇股份,300126,C制造业,
银河磁体,300127,C制造业,
锦富技术,300128,C制造业,
泰胜风能,300129,C制造业,
新国都,300130,C制造业,
英唐智控,300131,F批发零售,
青松股份,300132,C制造业,
华策影视,300133,R文化传播,
大富科技,300134,C制造业,
宝利国际,300135,C制造业,
信维通信,300136,C制造业,
先河环保,300137,C制造业,
晨光生物,300138,C制造业,
晓程科技,300139,C制造业,
中环装备,300140,C制造业,
和顺电气,300141,C制造业,
沃森生物,300142,C制造业,
星普医科,300143,C制造业,
宋城演艺,300144,R文化传播,
中金环境,300145,C制造业,
汤臣倍健,300146,C制造业,
香雪制药,300147,C制造业,
天舟文化,300148,R文化传播,
量子生物,300149,M科研服务,
世纪瑞尔,300150,I信息技术,
昌红科技,300151,C制造业,
科融环境,300152,N公共环保,
科泰电源,300153,C制造业,
瑞凌股份,300154,C制造业,
安居宝,300155,C制造业,
神雾环保,300156,C制造业,
恒泰艾普,300157,B采矿业,
振东制药,300158,C制造业,
新研股份,300159,C制造业,
秀强股份,300160,C制造业,
华中数控,300161,C制造业,
雷曼股份,300162,C制造业,
先锋新材,300163,C制造业,
通源石油,300164,B采矿业,
天瑞仪器,300165,C制造业,
东方国信,300166,I信息技术,
迪威迅,300167,I信息技术,
万达信息,300168,I信息技术,
天晟新材,300169,C制造业,
汉得信息,300170,I信息技术,
东富龙,300171,C制造业,
中电环保,300172,N公共环保,
智慧松德,300173,C制造业,
元力股份,300174,C制造业,
朗源股份,300175,C制造业,
鸿特科技,300176,C制造业,
中海达,300177,C制造业,
腾邦国际,300178,L商务服务,
四方达,300179,C制造业,
华峰超纤,300180,C制造业,
佐力药业,300181,C制造业,
捷成股份,300182,R文化传播,
东软载波,300183,I信息技术,
力源信息,300184,F批发零售,
通裕重工,300185,C制造业,
永清环保,300187,N公共环保,
美亚柏科,300188,I信息技术,
神农基因,300189,A农林牧渔,
维尔利,300190,N公共环保,
潜能恒信,300191,B采矿业,
科斯伍德,300192,C制造业,
佳士科技,300193,C制造业,
福安药业,300194,C制造业,
长荣股份,300195,C制造业,
长海股份,300196,C制造业,
铁汉生态,300197,N公共环保,
纳川股份,300198,C制造业,
翰宇药业,300199,C制造业,
高盟新材,300200,C制造业,
海伦哲,300201,C制造业,
聚龙股份,300202,C制造业,
聚光科技,300203,C制造业,
舒泰神,300204,C制造业,
天喻信息,300205,C制造业,
理邦仪器,300206,C制造业,
欣旺达,300207,C制造业,
青岛中程,300208,C制造业,
天泽信息,300209,I信息技术,
森远股份,300210,C制造业,
亿通科技,300211,C制造业,
易华录,300212,I信息技术,
佳讯飞鸿,300213,C制造业,
日科化学,300214,C制造业,
电科院,300215,M科研服务,
千山药机,300216,C制造业,
东方电热,300217,C制造业,
安利股份,300218,C制造业,
鸿利智汇,300219,C制造业,
金运激光,300220,C制造业,
银禧科技,300221,C制造业,
科大智能,300222,C制造业,
北京君正,300223,C制造业,
正海磁材,300224,C制造业,
金力泰,300225,C制造业,
上海钢联,300226,I信息技术,
光韵达,300227,C制造业,
富瑞特装,300228,C制造业,
拓尔思,300229,I信息技术,
永利股份,300230,C制造业,
银信科技,300231,I信息技术,
洲明科技,300232,C制造业,
金城医药,300233,C制造业,
开尔新材,300234,C制造业,
方直科技,300235,I信息技术,
上海新阳,300236,C制造业,
美晨生态,300237,E建筑业,
冠昊生物,300238,C制造业,
东宝生物,300239,C制造业,
飞力达,300240,G运输仓储,
瑞丰光电,300241,C制造业,
佳云科技,300242,I信息技术,
瑞丰高材,300243,C制造业,
迪安诊断,300244,Q卫生,
天玑科技,300245,I信息技术,
宝莱特,300246,C制造业,
融捷健康,300247,C制造业,
新开普,300248,I信息技术,
依米康,300249,I信息技术,
初灵信息,300250,I信息技术,
光线传媒,300251,R文化传播,
金信诺,300252,C制造业,
卫宁健康,300253,I信息技术,
仟源医药,300254,C制造业,
常山药业,300255,C制造业,
星星科技,300256,C制造业,
开山股份,300257,C制造业,
精锻科技,300258,C制造业,
新天科技,300259,C制造业,
新莱应材,300260,C制造业,
雅本化学,300261,C制造业,
巴安水务,300262,N公共环保,
隆华科技,300263,C制造业,
佳创视讯,300264,I信息技术,
通光线缆,300265,C制造业,
兴源环境,300266,N公共环保,
尔康制药,300267,C制造业,
佳沃股份,300268,C制造业,
联建光电,300269,L商务服务,
中威电子,300270,C制造业,
华宇软件,300271,I信息技术,
开能健康,300272,C制造业,
和佳股份,300273,C制造业,
阳光电源,300274,C制造业,
梅安森,300275,I信息技术,
三丰智能,300276,C制造业,
海联讯,300277,I信息技术,
华昌达,300278,C制造业,
和晶科技,300279,C制造业,
紫天科技,300280,C制造业,
金明精机,300281,C制造业,
三盛教育,300282,C制造业,
温州宏丰,300283,C制造业,
苏交科,300284,M科研服务,
国瓷材料,300285,C制造业,
安科瑞,300286,C制造业,
飞利信,300287,I信息技术,
朗玛信息,300288,I信息技术,
利德曼,300289,C制造业,
荣科科技,300290,I信息技术,
华录百纳,300291,R文化传播,
吴通控股,300292,I信息技术,
蓝英装备,300293,C制造业,
博雅生物,300294,C制造业,
三六五网,300295,I信息技术,
利亚德,300296,C制造业,
蓝盾股份,300297,I信息技术,
三诺生物,300298,C制造业,
富春股份,300299,I信息技术,
汉鼎宇佑,300300,I信息技术,
长方集团,300301,C制造业,
同有科技,300302,I信息技术,
聚飞光电,300303,C制造业,
云意电气,300304,C制造业,
裕兴股份,300305,C制造业,
远方信息,300306,C制造业,
慈星股份,300307,C制造业,
中际旭创,300308,C制造业,
吉艾科技,300309,J金融业,
宜通世纪,300310,I信息技术,
任子行,300311,I信息技术,
邦讯技术,300312,I信息技术,
天山生物,300313,L商务服务,
戴维医疗,300314,C制造业,
掌趣科技,300315,I信息技术,
晶盛机电,300316,C制造业,
珈伟新能,300317,C制造业,
博晖创新,300318,C制造业,
麦捷科技,300319,C制造业,
海达股份,300320,C制造业,
同大股份,300321,C制造业,
硕贝德,300322,C制造业,
华灿光电,300323,C制造业,
旋极信息,300324,I信息技术,
德威新材,300325,C制造业,
凯利泰,300326,C制造业,
中颖电子,300327,C制造业,
宜安科技,300328,C制造业,
海伦钢琴,300329,C制造业,
华虹计通,300330,I信息技术,
苏大维格,300331,C制造业,
天壕环境,300332,D水电煤气,
兆日科技,300333,I信息技术,
津膜科技,300334,C制造业,
迪森股份,300335,D水电煤气,
新文化,300336,R文化传播,
银邦股份,300337,C制造业,
开元股份,300338,P教育,
润和软件,300339,I信息技术,
科恒股份,300340,C制造业,
麦克奥迪,300341,C制造业,
天银机电,300342,C制造业,
联创互联,300343,I信息技术,
太空智造,300344,C制造业,
红宇新材,300345,C制造业,
南大光电,300346,C制造业,
泰格医药,300347,Q卫生,
长亮科技,300348,I信息技术,
金卡智能,300349,I信息技术,
华鹏飞,300350,I信息技术,
永贵电器,300351,C制造业,
北信源,300352,I信息技术,
东土科技,300353,C制造业,
东华测试,300354,C制造业,
蒙草生态,300355,N公共环保,
光一科技,300356,C制造业,
我武生物,300357,C制造业,
楚天科技,300358,C制造业,
全通教育,300359,I信息技术,
炬华科技,300360,C制造业,
天翔环境,300362,C制造业,
博腾股份,300363,C制造业,
中文在线,300364,R文化传播,
恒华科技,300365,I信息技术,
创意信息,300366,I信息技术,
东方网力,300367,C制造业,
汇金股份,300368,C制造业,
绿盟科技,300369,I信息技术,
安控科技,300370,C制造业,
汇中股份,300371,C制造业,
扬杰科技,300373,C制造业,
恒通科技,300374,C制造业,
鹏翎股份,300375,C制造业,
易事特,300376,C制造业,
赢时胜,300377,I信息技术,
鼎捷软件,300378,I信息技术,
东方通,300379,I信息技术,
安硕信息,300380,I信息技术,
溢多利,300381,C制造业,
斯莱克,300382,C制造业,
光环新网,300383,I信息技术,
三联虹普,300384,M科研服务,
雪浪环境,300385,C制造业,
飞天诚信,300386,I信息技术,
富邦股份,300387,C制造业,
国祯环保,300388,N公共环保,
艾比森,300389,C制造业,
天华超净,300390,C制造业,
康跃科技,300391,C制造业,
腾信股份,300392,I信息技术,
中来股份,300393,C制造业,
天孚通信,300394,C制造业,
菲利华,300395,C制造业,
迪瑞医疗,300396,C制造业,
天和防务,300397,C制造业,
飞凯材料,300398,C制造业,
京天利,300399,I信息技术,
劲拓股份,300400,C制造业,
花园生物,300401,C制造业,
宝色股份,300402,C制造业,
汉宇集团,300403,C制造业,
博济医药,300404,M科研服务,
科隆股份,300405,C制造业,
九强生物,300406,C制造业,
凯发电气,300407,C制造业,
三环集团,300408,C制造业,
道氏技术,300409,C制造业,
正业科技,300410,C制造业,
金盾股份,300411,C制造业,
迦南科技,300412,C制造业,
芒果超媒,300413,R文化传播,
中光防雷,300414,C制造业,
伊之密,300415,C制造业,
苏试试验,300416,C制造业,
南华仪器,300417,C制造业,
昆仑万维,300418,I信息技术,
浩丰科技,300419,I信息技术,
五洋停车,300420,C制造业,
力星股份,300421,C制造业,
博世科,300422,N公共环保,
鲁亿通,300423,C制造业,
航新科技,300424,C制造业,
环能科技,300425,C制造业,
唐德影视,300426,R文化传播,
红相股份,300427,C制造业,
四通新材,300428,C制造业,
强力新材,300429,C制造业,
诚益通,300430,C制造业,
暴风集团,300431,I信息技术,
富临精工,300432,C制造业,
蓝思科技,300433,C制造业,
金石东方,300434,C制造业,
中泰股份,300435,C制造业,
广生堂,300436,C制造业,
清水源,300437,C制造业,
鹏辉能源,300438,C制造业,
美康生物,300439,C制造业,
运达科技,300440,I信息技术,
鲍斯股份,300441,C制造业,
普丽盛,300442,C制造业,
金雷股份,300443,C制造业,
双杰电气,300444,C制造业,
康斯特,300445,C制造业,
乐凯新材,300446,C制造业,
全信股份,300447,C制造业,
浩云科技,300448,I信息技术,
汉邦高科,300449,C制造业,
先导智能,300450,C制造业,
创业慧康,300451,I信息技术,
山河药辅,300452,C制造业,
三鑫医疗,300453,C制造业,
深信服,300454,I信息技术,
康拓红外,300455,C制造业,
耐威科技,300456,C制造业,
赢合科技,300457,C制造业,
全志科技,300458,C制造业,
金科文化,300459,C制造业,
惠伦晶体,300460,C制造业,
田中精机,300461,C制造业,
华铭智能,300462,C制造业,
迈克生物,300463,C制造业,
星徽精密,300464,C制造业,
高伟达,300465,I信息技术,
赛摩电气,300466,C制造业,
迅游科技,300467,I信息技术,
四方精创,300468,I信息技术,
信息发展,300469,I信息技术,
日机密封,300470,C制造业,
厚普股份,300471,C制造业,
新元科技,300472,C制造业,
德尔股份,300473,C制造业,
景嘉微,300474,C制造业,
聚隆科技,300475,C制造业,
胜宏科技,300476,C制造业,
合纵科技,300477,C制造业,
杭州高新,300478,C制造业,
神思电子,300479,C制造业,
光力科技,300480,C制造业,
濮阳惠成,300481,C制造业,
万孚生物,300482,C制造业,
沃施股份,300483,C制造业,
蓝海华腾,300484,C制造业,
赛升药业,300485,C制造业,
东杰智能,300486,C制造业,
蓝晓科技,300487,C制造业,
恒锋工具,300488,C制造业,
中飞股份,300489,C制造业,
华自科技,300490,C制造业,
通合科技,300491,C制造业,
山鼎设计,300492,M科研服务,
润欣科技,300493,I信息技术,
盛天网络,300494,I信息技术,
美尚生态,300495,N公共环保,
中科创达,300496,I信息技术,
富祥股份,300497,C制造业,
温氏股份,300498,A农林牧渔,
高澜股份,300499,C制造业,
启迪设计,300500,M科研服务,
海顺新材,300501,C制造业,
新易盛,300502,C制造业,
昊志机电,300503,C制造业,
天邑股份,300504,C制造业,
川金诺,300505,C制造业,
名家汇,300506,E建筑业,
苏奥传感,300507,C制造业,
维宏股份,300508,I信息技术,
新美星,300509,C制造业,
金冠股份,300510,C制造业,
雪榕生物,300511,A农林牧渔,
中亚股份,300512,C制造业,
恒实科技,300513,I信息技术,
友讯达,300514,C制造业,
三德科技,300515,C制造业,
久之洋,300516,C制造业,
海波重科,300517,E建筑业,
盛讯达,300518,I信息技术,
新光药业,300519,C制造业,
科大国创,300520,I信息技术,
爱司凯,300521,C制造业,
世名科技,300522,C制造业,
辰安科技,300523,I信息技术,
博思软件,300525,I信息技术,
中潜股份,300526,C制造业,
中国应急,300527,C制造业,
幸福蓝海,300528,R文化传播,
健帆生物,300529,C制造业,
达志科技,300530,C制造业,
优博讯,300531,C制造业,
今天国际,300532,I信息技术,
冰川网络,300533,I信息技术,
陇神戎发,300534,C制造业,
达威股份,300535,C制造业,
农尚环境,300536,E建筑业,
广信材料,300537,C制造业,
同益股份,300538,F批发零售,
横河模具,300539,C制造业,
深冷股份,300540,C制造业,
先进数通,300541,I信息技术,
新晨科技,300542,I信息技术,
朗科智能,300543,C制造业,
联得装备,300545,C制造业,
雄帝科技,300546,C制造业,
川环科技,300547,C制造业,
博创科技,300548,C制造业,
优德精密,300549,C制造业,
和仁科技,300550,I信息技术,
古鳌科技,300551,C制造业,
万集科技,300552,I信息技术,
集智股份,300553,C制造业,
三超新材,300554,C制造业,
路通视信,300555,C制造业,
丝路视觉,300556,I信息技术,
理工光科,300557,C制造业,
贝达药业,300558,C制造业,
佳发教育,300559,I信息技术,
中富通,300560,I信息技术,
汇金科技,300561,I信息技术,
乐心医疗,300562,C制造业,
神宇股份,300563,C制造业,
科信技术,300565,C制造业,
激智科技,300566,C制造业,
精测电子,300567,C制造业,
星源材质,300568,C制造业,
天能重工,300569,C制造业,
太辰光,300570,C制造业,
平治信息,300571,I信息技术,
安车检测,300572,C制造业,
兴齐眼药,300573,C制造业,
中旗股份,300575,C制造业,
容大感光,300576,C制造业,
开润股份,300577,C制造业,
会畅通讯,300578,I信息技术,
数字认证,300579,I信息技术,
贝斯特,300580,C制造业,
晨曦航空,300581,C制造业,
英飞特,300582,C制造业,
赛托生物,300583,C制造业,
海辰药业,300584,C制造业,
奥联电子,300585,C制造业,
美联新材,300586,C制造业,
天铁股份,300587,C制造业,
熙菱信息,300588,I信息技术,
江龙船艇,300589,C制造业,
移为通信,300590,C制造业,
万里马,300591,C制造业,
华凯创意,300592,R文化传播,
新雷能,300593,C制造业,
欧普康视,300595,C制造业,
利安隆,300596,C制造业,
吉大通信,300597,I信息技术,
诚迈科技,300598,I信息技术,
雄塑科技,300599,C制造业,
瑞特股份,300600,C制造业,
康泰生物,300601,C制造业,
飞荣达,300602,C制造业,
立昂技术,300603,I信息技术,
长川科技,300604,C制造业,
恒锋信息,300605,I信息技术,
金太阳,300606,C制造业,
拓斯达,300607,C制造业,
思特奇,300608,I信息技术,
汇纳科技,300609,I信息技术,
晨化股份,300610,C制造业,
美力科技,300611,C制造业,
宣亚国际,300612,L商务服务,
富瀚微,300613,I信息技术,
欣天科技,300615,C制造业,
尚品宅配,300616,C制造业,
安靠智电,300617,C制造业,
寒锐钴业,300618,C制造业,
金银河,300619,C制造业,
光库科技,300620,C制造业,
维业股份,300621,E建筑业,
博士眼镜,300622,F批发零售,
捷捷微电,300623,C制造业,
万兴科技,300624,I信息技术,
三雄极光,300625,C制造业,
华瑞股份,300626,C制造业,
华测导航,300627,C制造业,
亿联网络,300628,C制造业,
新劲刚,300629,C制造业,
普利制药,300630,C制造业,
久吾高科,300631,C制造业,
光莆股份,300632,C制造业,
开立医疗,300633,C制造业,
彩讯股份,300634,I信息技术,
达安股份,300635,M科研服务,
同和药业,300636,C制造业,
扬帆新材,300637,C制造业,
广和通,300638,C制造业,
凯普生物,300639,C制造业,
德艺文创,300640,R文化传播,
正丹股份,300641,C制造业,
透景生命,300642,C制造业,
万通智控,300643,C制造业,
南京聚隆,300644,C制造业,
正元智慧,300645,I信息技术,
超频三,300647,C制造业,
星云股份,300648,C制造业,
杭州园林,300649,M科研服务,
太龙照明,300650,C制造业,
金陵体育,300651,C制造业,
雷迪克,300652,C制造业,
正海生物,300653,C制造业,
世纪天鸿,300654,R文化传播,
晶瑞股份,300655,C制造业,
民德电子,300656,C制造业,
弘信电子,300657,C制造业,
延江股份,300658,C制造业,
中孚信息,300659,I信息技术,
江苏雷利,300660,C制造业,
圣邦股份,300661,C制造业,
科锐国际,300662,L商务服务,
科蓝软件,300663,I信息技术,
鹏鹞环保,300664,N公共环保,
飞鹿股份,300665,C制造业,
江丰电子,300666,C制造业,
必创科技,300667,C制造业,
杰恩设计,300668,M科研服务,
沪宁股份,300669,C制造业,
大烨智能,300670,C制造业,
富满电子,300671,I信息技术,
国科微,300672,C制造业,
佩蒂股份,300673,C制造业,
宇信科技,300674,I信息技术,
建科院,300675,M科研服务,
华大基因,300676,M科研服务,
英科医疗,300677,C制造业,
中科信息,300678,I信息技术,
电连技术,300679,C制造业,
隆盛科技,300680,C制造业,
英搏尔,300681,C制造业,
朗新科技,300682,I信息技术,
海特生物,300683,C制造业,
中石科技,300684,C制造业,
艾德生物,300685,C制造业,
智动力,300686,C制造业,
赛意信息,300687,I信息技术,
创业黑马,300688,L商务服务,
澄天伟业,300689,C制造业,
双一科技,300690,C制造业,
联合光电,300691,C制造业,
中环环保,300692,N公共环保,
盛弘股份,300693,C制造业,
蠡湖股份,300694,C制造业,
兆丰股份,300695,C制造业,
爱乐达,300696,C制造业,
电工合金,300697,C制造业,
万马科技,300698,C制造业,
光威复材,300699,C制造业,
岱勒新材,300700,C制造业,
森霸传感,300701,C制造业,
天宇股份,300702,C制造业,
创源文化,300703,C制造业,
九典制药,300705,C制造业,
阿石创,300706,C制造业,
威唐工业,300707,C制造业,
聚灿光电,300708,C制造业,
精研科技,300709,C制造业,
万隆光电,300710,C制造业,
广哈通信,300711,C制造业,
永福股份,300712,M科研服务,
英可瑞,300713,C制造业,
凯伦股份,300715,C制造业,
国立科技,300716,C制造业,
华信新材,300717,C制造业,
长盛轴承,300718,C制造业,
安达维尔,300719,C制造业,
海川智能,300720,C制造业,
怡达股份,300721,C制造业,
新余国科,300722,C制造业,
一品红,300723,C制造业,
捷佳伟创,300724,C制造业,
药石科技,300725,C制造业,
宏达电子,300726,C制造业,
润禾材料,300727,C制造业,
乐歌股份,300729,C制造业,
科创信息,300730,I信息技术,
科创新源,300731,C制造业,
设研院,300732,M科研服务,
西菱动力,300733,C制造业,
光弘科技,300735,C制造业,
百邦科技,300736,O居民服务,
科顺股份,300737,C制造业,
奥飞数据,300738,I信息技术,
明阳电路,300739,C制造业,
御家汇,300740,C制造业,
华宝股份,300741,C制造业,
越博动力,300742,C制造业,
天地数码,300743,C制造业,
欣锐科技,300745,C制造业,
汉嘉设计,300746,M科研服务,
锐科激光,300747,C制造业,
金力永磁,300748,C制造业,
顶固集创,300749,C制造业,
宁德时代,300750,C制造业,
迈为股份,300751,C制造业,
隆利科技,300752,C制造业,
爱朋医疗,300753,C制造业,
华致酒行,300755,F批发零售,
中山金马,300756,C制造业,
罗博特科,300757,C制造业,
康龙化成,300759,M科研服务,
迈瑞医疗,300760,C制造业,
立华股份,300761,A农林牧渔,